No.,NAME (Full name as IC),FULL STUDENT ID (ex. 21WKRXXXXX),STUDENT EMAIL,ROLE,BATCH (ex. Degree Y3S3)
1,Ally Teo,21WKR12111,allyteo@student.tarc.edu.my,Users,Degree Y3S1
2,Alfathiyya Nayla Adisha,21WKR12112,alfathiyya@student.tarc.edu.my,Users,Degree Y3S1
3,Aween Aisham,21WKR12113,aween@student.tarc.edu.my,Users,Degree Y3S1
4,Foo Jia Qi,21WKR12114,foojiaqi@student.tarc.edu.my,Users,Degree Y3S1
5,Lee Zi Xian,21WKR12115,leezixian@student.tarc.edu.my,Users,Degree Y3S1
6,Ezrie Gazali,21WKR12116,ezrie@student.tarc.edu.my,Users,Degree Y3S1
7,Lim Tao Zhi,21WKR12117,limtaozhi@student.tarc.edu.my,Users,Degree Y3S1
8,Nur Nazimah Binti Hamizan,21WKR12118,nazimah@student.tarc.edu.my,Users,Degree Y3S1
9,Catherine Goh,21WKR12119,catherine@student.tarc.edu.my,Users,Degree Y3S1
10,Panda Yoong,21WKR12120,pandayoong@student.tarc.edu.my,Users,Degree Y3S1
11,Kelly Chong,21WKR12121,kellychong@student.tarc.edu.my,Users,Degree Y3S1
12,Muhammad Syafiq Bin Azahar,21WKR12122,muhammad@student.tarc.edu.my,Users,Degree Y3S1
13,NanaaBananaa,21WKR12123,nanaa@student.tarc.edu.my,Users,Degree Y3S1
14,Mohammed Nasser,21WKR12124,mohammed@student.tarc.edu.my,Users,Degree Y3S1
15,Nguyen Phuong Nam,21WKR12125,nguyen@student.tarc.edu.my,Users,Degree Y3S1